Клиент;Начало оказания услуги;Услуга
Ефимова;22.12.2019 15:10;Урок в группе немецкого языка для школьников
Бобылёв;07.06.2019 17:20;Киноклуб португальского языка для студентов
Зуев;04.03.2019 17:20;Индивидуальный урок испанского языка с преподавателем-носителем языка
Колобова;01.12.2019 14:40;Киноклуб итальянского языка для студентов
Калашников;26.06.2019 10:10;Индивидуальный урок немецкого языка с русскоязычным преподавателем
Голубев;05.12.2019 10:20;Занятие с русскоязычным репетитором английского языка
Суворова;16.11.2019 11:20;Урок в группе французского языка для школьников
Калинин;01.01.2019 14:50;Киноклуб итальянского языка для детей
Калашников;01.02.2019 18:00;Интенсивный онлайн-курс немецкого языка для компаний по Skype
Агафонов;23.06.2019 8:00;Киноклуб французского языка для взрослых
Попова;18.08.2019 16:00;Киноклуб немецкого языка для детей
Морозов;27.11.2019 18:50;Урок в группе итальянского языка для взрослых
Медведев;06.09.2019 19:20;Киноклуб немецкого языка для взрослых
Калашников;31.12.2019 8:30;Интенсивный онлайн-курс немецкого языка для компаний по Skype
Горбачёв;28.12.2019 16:00;Киноклуб китайского языка для детей
Федотова;29.01.2019 16:30;Урок в группе японского языка для школьников
Бобров;12.11.2019 18:50;Интенсивный курс с преподавателем-носителем немецкого языка для компаний
Калашников;10.01.2019 8:30;Подготовка к экзамену TOEFL
Егорова;29.09.2019 13:40;Индивидуальный урок немецкого языка с русскоязычным преподавателем
Александров;23.03.2019 19:50;Киноклуб португальского языка для студентов
Федотова;29.04.2019 15:00;Урок в группе немецкого языка для школьников
Костина;04.09.2019 8:10;Интенсивный курс с преподавателем-носителем английского языка для компаний
Казаков;23.01.2019 18:30;Занятие с репетитором-носителем немецкого языка
Бобров;16.01.2019 9:00;Урок в группе английского языка для взрослых
Евсеев;15.07.2019 14:10;Киноклуб португальского языка для детей
Бобылёв;04.04.2019 9:10;Занятие с репетитором-носителем французского языка
Воронова;30.04.2019 18:10;Урок в группе английского языка для школьников
Некрасов;25.05.2019 17:10;Интенсивный курс с преподавателем-носителем английского языка для компаний
Голубев;11.08.2019 12:50;Занятие с репетитором-носителем французского языка
Ершов;09.01.2019 10:20;Индивидуальный урок немецкого языка с русскоязычным преподавателем
Горбачёв;09.04.2019 11:10;Урок в группе китайского языка для взрослых
Степанова;22.05.2019 16:10;Урок в группе английского языка для школьников
Турова;28.09.2019 10:00;Урок в группе итальянского языка для взрослых
Ершов;05.01.2019 16:00;Урок в группе китайского языка для школьников
Ефремов;08.05.2019 14:10;Урок в группе испанского языка для взрослых
Федотова;09.11.2019 13:00;Киноклуб немецкого языка для детей
Комиссарова;16.01.2019 14:20;Урок в группе немецкого языка для школьников
Колобова;11.01.2019 18:10;Индивидуальный онлайн-урок немецкого языка по Skype
Комиссарова;29.08.2019 19:00;Индивидуальный урок испанского языка с преподавателем-носителем языка
Ефимова;31.12.2019 19:10;Киноклуб французского языка для взрослых
Воронова;17.05.2019 13:30;Индивидуальный урок немецкого языка с русскоязычным преподавателем
Киселёв;02.10.2019 10:10;Киноклуб немецкого языка для взрослых
Корнилова;27.11.2019 11:30;Киноклуб немецкого языка для детей
Корнилова;10.07.2019 15:30;Киноклуб португальского языка для детей
Блинов;16.04.2019 13:20;Урок в группе китайского языка для школьников
Андреев;19.11.2019 15:50;Интенсивный онлайн-курс немецкого языка для компаний по Skype
Абрамов;13.06.2019 11:30;Индивидуальный урок итальянского языка с русскоязычным преподавателем
Киселёв;31.12.2019 18:00;Урок в группе японского языка для школьников
Бобров;19.12.2019 19:30;Интенсивный онлайн-курс немецкого языка для компаний по Skype
Костина;16.03.2019 11:30;Индивидуальный онлайн-урок немецкого языка по Skype
Морозов;23.11.2019 18:40;Урок в группе японского языка для школьников
Васильев;14.12.2019 8:40;Киноклуб итальянского языка для детей
Баранова;04.07.2019 17:10;Индивидуальный урок французского языка с преподавателем-носителем языка
Куликова;13.02.2019 18:00;Урок в группе китайского языка для школьников
Калинин;29.08.2019 10:10;Урок в группе испанского языка для взрослых
Большаков;11.01.2019 12:50;Киноклуб португальского языка для детей
Гущина;01.03.2019 11:50;Интенсивный курс с преподавателем-носителем португальского языка для компаний
Куликова;12.02.2019 19:40;Урок в группе китайского языка для студентов
Горбачёв;26.12.2019 16:30;Урок в группе английского языка для взрослых
Гущина;22.12.2019 9:20;Урок в группе итальянского языка для взрослых
Евсеев;09.11.2019 18:50;Интенсивный курс с преподавателем-носителем английского языка для компаний
Агафонов;27.08.2019 11:40;Подготовка к экзамену ACT
Блохин;22.01.2019 16:50;Киноклуб португальского языка для детей
Кузьмина;31.07.2019 18:10;Урок в группе французского языка для школьников
Лазарев;15.08.2019 18:30;Занятие с репетитором-носителем немецкого языка
Колобова;11.02.2019 13:30;Интенсивный онлайн-курс португальского языка для компаний по Skype
Бобров;05.01.2019 8:40;Киноклуб немецкого языка для взрослых
Куликова;06.06.2019 19:20;Интенсивный курс итальянского языка с русскоязычным преподавателем для компаний
Дмитриева;06.01.2019 15:00;Киноклуб немецкого языка для взрослых
Волков;20.03.2019 10:40;Занятие с репетитором-носителем французского языка
Федотова;06.08.2019 16:50;Занятие с репетитором-носителем французского языка
Лазарев;17.10.2019 13:30;Киноклуб итальянского языка для студентов
Игнатов;07.04.2019 10:40;Индивидуальный онлайн-урок немецкого языка по Skype
Зуев;28.06.2019 14:20;Подготовка к экзамену IELTS Speaking Club
Степанова;03.01.2019 18:50;Киноклуб итальянского языка для студентов
Ефимова;22.01.2019 10:50;Киноклуб китайского языка для студентов
Андреева;31.01.2019 12:00;Индивидуальный онлайн-урок немецкого языка по Skype
Федотова;17.07.2019 8:20;Киноклуб немецкого языка для взрослых
Корнилова;29.04.2019 12:40;Урок в группе французского языка для школьников
Большаков;18.02.2019 18:20;Интенсивный онлайн-курс китайского языка для компаний по Skype
Казаков;15.03.2019 10:50;Урок в группе немецкого языка для школьников
Селиверстов;10.09.2019 18:20;Урок в группе китайского языка для взрослых
Киселёв;06.08.2019 11:50;Индивидуальный онлайн-урок немецкого языка по Skype
Попова;20.08.2019 19:10;Урок в группе китайского языка для школьников
Гущина;15.11.2019 17:50;Подготовка к экзамену ACT
Ершов;03.03.2019 17:20;Индивидуальный урок немецкого языка с русскоязычным преподавателем
Ефимова;21.10.2019 10:20;Индивидуальный урок испанского языка с преподавателем-носителем языка
Агафонов;12.10.2019 8:50;Киноклуб немецкого языка для детей
Суворова;11.11.2019 18:50;Интенсивный онлайн-курс китайского языка для компаний по Skype
Орлова;03.01.2019 14:40;Киноклуб немецкого языка для взрослых
Блохин;06.07.2019 11:30;Киноклуб английского языка для студентов
Турова;25.03.2019 18:20;Занятие с русскоязычным репетитором японского языка
Беляева;27.10.2019 16:20;Индивидуальный урок итальянского языка с русскоязычным преподавателем
Киселёв;15.05.2019 9:20;Урок в группе испанского языка для взрослых
Андреев;30.08.2019 11:40;Киноклуб португальского языка для детей
Бобылёв;16.02.2019 18:50;Индивидуальный урок английского языка с преподавателем-носителем языка
Воронова;24.09.2019 13:40;Занятие с русскоязычным репетитором английского языка
Колобова;09.06.2019 13:40;Занятие с русскоязычным репетитором японского языка
Куликова;13.04.2019 9:00;Урок в группе французского языка для школьников
Селиверстов;05.04.2019 13:20;Урок в группе китайского языка для школьников